DOI	ARK	Issue Date	Title	Author	DOE Contract	Non-DOE Contract	Sponsoring Organizations
10.34770/6pca-ey48		2025-07-14	Bootstrap Model Verification Data	Saxena, Saurabh;Ferraro, Nathaniel	AC02-09CH11466		USDOE Office of Science (SC)
10.34770/q6xz-xr24		2025-09-22	Inputs, Outputs and Plotting Scripts for paper Extending near-axis equilibria in DESC (Final Version)	Rodriguez Urretavizcaya, Eduardo;Panici, Dario	AC02-09CH11466;SC0022005	;560651	USDOE Office of Science (SC)
10.34770/98r7-th48		2025-09-28	"Dataset for ""Expanding Bifurcated Current Sheets: A Fundamental Structure of Quasi-Steady Magnetic Reconnection"""	Yoo, Jongsoo	AC02-09CH11466		USDOE Office of Science (SC)
10.34770/4dky-hh94		2025-10-06	"Data for ""Assessing time-dependent temperature profile predictions using reduced transport models for high performing NSTX plasmas"""	Lestz, Jeff;Avdeeva, Galina;Neiser, Tom;Gorelenkova, Marina;Halpern, Federico;Kaye, Stanley;McClenaghan, Joseph;Pankin, Alexei;Thome, Kathreen	AC02-09CH11466;SC0018990;SC0021113;SC0024426		USDOE Office of Science (SC)
10.34770/ecek-j863		2025-10-10	"Data for ""Prediction of the Wave Normal Angle of Proton-Band EMIC Waves near Geosynchronous Orbit"""	Kim, Eun-Hwa;Johnson, Jay;Damiano, Peter;Shiraiwa, Syun'ichi;Lin, Yu;Martin, Wesley	AC02-09CH11466	AGS-2131013;AGS-2247395;AGS-2431664	USDOE Office of Science (SC)
10.34770/avk1-7p89		2025-10-16	"Data for ""Enhanced Shear-Stabilization of Turbulence in NSTX"""	Avdeeva, Galina;Candy, Jeff;Thome, Kathreen;Belli, Emily;Staebler, Gary M.;Kaye, Stanley	AC02-09CH11466		USDOE Office of Science (SC)
10.34770/y2vf-3340		2025-10-30	"Data for the paper titled ""Evolution of intermittent filaments in the scrape-off layer of NSTX"""	Lampert, Mate	AC02-09CH11466		USDOE Office of Science (SC)
10.34770/2c0n-p588		2025-11-03	"Data for ""Plasma shape and position control development for NSTX-U using the GSEvolve plasma simulator"""	Pajares, Andres	AC02-09CH11466;SC0021113		USDOE Office of Science (SC)
10.34770/d8b8-zz44		2025-11-05	"Data for reproducing the figures of the paper ""Taming Harmful Bursts and Heat Flux in High-Confinement Tokamak Plasmas"""	Hu, Qiming	AC02-09CH11466;AC05-00OR22725;AC52-07NA27344;FC02-04ER54698;SC0014264;SC0020357;SC0022270		USDOE Office of Science (SC)
10.34770/p292-h761		2025-11-05	"Data for ""Investigation of radiated-power for low aspect ratio fusion plasmas"""	Shah, Kajal;Berkery, John;Menard, Jonathan E.;Delgado-Aparicio, L.;Ono, Masayuki;Emdee, Eric	AC02-09CH11466		USDOE Office of Science (SC)
10.34770/m33t-7777		2025-12-22	"Data for ""Spherical tokamak physics research in preparation for the operation of NSTX-U"""	Munaretto, Stefano;Adebayo-Ige, P.O.;Anand, H.;Avdeeva, G.;Baek, S.-G.;Barada, K.;Belli, E.;Belova, E.V.;Berkery, J.W.;Bernard, T.N.;Bertelli, N.;Bonofiglo, P.;Bonoli, P.T.;Boyer, M.D.;Candy, J.;Chang, C.S.;Chung, H.;Clauser, C.;Comanescu, M.;Corona, D.;Crocker, N. A.;De Levante Rodriguez, R.;DeShazer, E.W.;Diallo, A.;Dominski, J.;Duarte, V.N.;Ebrahimi, F.;Emdee, E. D.;Ethier, S.;Ferraro, N.M.;Foley, E.L.;Fredrickson, E.D.;Galante, M.E.;Gan, K.F.;Gerhardt, S.;Goldston, R.J.;Gorelenkova, M.;Guttenfelder, W.;Hager, R.;Halpern, F.D.;Halpern, J.;Hatch, D.;Hoffmann, F.;Islam, M.S.;Jardin, S.C.;Kaye, S.M.;Khodak, A.;Kinsey, J. E.;Kleiner, A.;Kolemen, E.;Ku, S.;Lampert, M.;Leard, B.;LeBlanc, B.P.;Lestz, J. B.;Levinton, F.M.;Li, P.-Y.;Logan, N.C.;Lopez, N.A.;Lunsford, R.;Macwan, T.;Maingi, R.;McClenaghan, J.;McLean, A.G.;Menard, J.E.;Na, Y.-S.;Nelson, A.O.;Ono, M.;Pajares, A.;Pankin, A.;Parisi, J.;Parra, F.I.;Parsons, M.S.;Patel, B.S.;Podesta, M.;Poli, F.M.;Porcelli, M.;Rafiq, T.;Raman, R.;Riquezes, J.D.;Sabbagh, S.A.;Sánchez Villar, A.;Schuster, E.;Shiraiwa, S.;Singh, T.;Smith, S.P.;Smith, D.;Soukhanovskii, V.A.;Staebler, G.M.;Stratton, B.;Thome, K.;Tobin, M.;Uzun-Kaymak, I.U.;Van Compernolle, B.;Wang, W.X.;Wehner, W.;Welander, A.S.;Wirth, B.D.;Yang, J.;Zamkovska, V.;Zhang, X.	AC02-09CH11466;AC05-00OR22725;AC52-07NA27344;FG02-91ER54109;FG02-95ER54309;SC0008309;SC0013977;SC0021113;SC0021120;SC0021150;SC0021271;SC0021311;SC0021385;SC0021625;SC0022051;SC0022115;SC0022272		USDOE Office of Science (SC)
10.34770/afry-mw43		2026-01-15	"Data for ""A Data-Driven Approach to Real-Time Vertical Position Estimation for NSTX-U Vertical Stability Control"""	Parsons, Matthew;Rasmussen, Adam;Stewart, Ian;Hansen, Christopher;Sabbagh, Steven;Munaretto, Stefano;Berkery, John;Gerhardt, Stefan	AC02-09CH11466		USDOE Office of Science (SC)
10.34770/fk8v-f575		2026-01-22	"Data for Publication ""Laboratory Observation of Transition from Collisional Slow to Collisionless Fast Reconnection"""	Shi, Peiyun;Yoo, Jongsoo;Bose, Sayak;Yamada, Masaaki	AC02-09CH11466		USDOE Office of Science (SC)
10.34770/5hgn-5684		2026-01-29	"Dataset for ""Stability and Characteristics of Lower-Hybrid Drift Waves: Dependence on Electron Beta and Cross-Field Relative Drift"""	Yoo, Jongsoo	AC02-09CH11466	 NNH20ZDA001N	USDOE Office of Science (SC)
10.34770/w3pk-5s95		2026-02-10	Scripts for Deflation Techniques for Stellarator Equilibrium and Optimization (arxiv)	Panici, Dario	AC02-09CH11466;SC0022005		USDOE Office of Science (SC)
10.34770/7dbr-jd83		2026-02-10	"Data for ""Initial Assessment of 3D-Printed Molybdenum Lattices as a Substrate for Liquid Metal Plasma-Facing Components"""	Parsons, Matthew;Avida, Maya;Balouza, Samah;Kawashimo, Kenta;López Pérez, Camila;Nieto-Perez, Martin;Goldston, Robert	AC02-09CH11466;SC0021119		USDOE Office of Science (SC)
10.34770/6jr3-zc33		2026-02-16	"Data for ""Science impact examined through citations: a case study from the National Spherical Torus Experiment"""	Berkery, John	AC02-09CH11466		USDOE Office of Science (SC)
10.34770/zqj0-3z73		2026-02-22	"Data from ""Deep Potential Molecular Dynamics Simulations of Ion-Enhanced Etching of Silicon by Atomic Chlorine"""	Kounis-Melas, Andreas;Panagiotopoulos, Athanassios;Graves, David Barry	AC02-09CH11466	 F ZS 029-1/2022-2023;IO 210224-08446-01	USDOE Office of Science (SC)
10.34770/ajd8-by34		2026-03-10	"Data for ""Multi-Diagnostic Characterization of Laser-Produced Tin Plasmas for EUV Lithography"""	Musikhin, Stanislav;Morozov, Anatoli;Griffith, Alec;Yatom, Shurik;Diallo, Ahmed	AC02-09CH11466		USDOE Office of Science (SC)
10.34770/51bm-9w08		2026-03-16	"Dataset for ""Saturation of magnetised plasma turbulence by propagating zonal flows"""	Nies, Richard;Parra, Felix;Barnes, Michael;Mandell, Noah;Dorland, William	AC02-09CH11466;FG02-93ER54197	EP/R034737/1;UTA18000275	USDOE Office of Science (SC)
10.34770/e5vw-hq66		2026-04-05	"Data for ""Molecular dynamics simulations of reflection and sputtering behavior of boron under deuterium ion irradiation"""	Schamis, Hanna;Enriquez, John Isaac;Ethier, Stephane;Kaganovich, Igor	AC02-09CH11466		USDOE Office of Science (SC)
10.34770/z037-2b57		2026-04-09	Data for IMAS-based framework for NIMROD MHD data interoperability	Pankin, Alexei;King, Jacob	AC02-09CH11466		USDOE Office of Science (SC)
10.34770/7z83-hy37		2026-04-10	"Dataset for ""Geodesic extended modes in low magnetic shear tokamaks and stellarators"""	Nies, Richard;Parra, Felix I.	AC02-09CH11466		USDOE Office of Science (SC)
10.34770/2nwy-1w84		2026-04-23	Data for Synthetic Modeling of Soft X-Ray Emissivity for Magnetic Island Analysis in LTX-β	Le, Tosh	AC02-09CH1146		USDOE Office of Science (SC)
10.34770/62xv-ra97		2026-05-06	Dataset and numerical tests for PT_SOLVER transport solver in the TRANSP integrated modeling code for tokamak plasmas	Pankin, Alexei;Gorelenkova, Marina	AC02-09CH11466		USDOE Office of Science (SC)
10.34770/v3ty-ww89		2026-05-10	"Data for ""Development of flash lithium evaporators for NSTX-U wall conditioning"""	Maan, Anurag	AC02-09CH11466		USDOE Office of Science (SC)
10.34770/aga7-js92		2026-05-21	"Data for ""Numerical assessment of the impact of the guiding-centre approximation on fast ion simulations in NSTX"""	Dolby, Ian;Cecconello, Marco;Yang, James;Podesta, Mario;Kaye, Stanley	AC02-09CH11466	EP/S022430/1	USDOE Office of Science (SC)
10.34770/3tw2-2k05		2026-06-04	"Date for ""Dynamics of Argon Metastables in Ar-CH4 Radio Frequency Capacitively-Coupled Plasma: Real-Time Monitoring with Neural Network-Augmented Broadband Optical Emission Spectroscopy"" "	Yatom, Shurik	AC02-09CH11466		USDOE Office of Science (SC)
10.34770/0htk-ap02		2026-06-11	"Data in paper ""Testing of Spark Plasma Sintered Porous Tungsten under Ne Glow Discharge Cleaning Conditions in LTX-beta"""	Lopez Perez, Camila;Maan, Anurag;Abe, Shota;Boyle, Dennis;Koel, Bruce;Majeski, Richard;Jaramillo-Correa, Camilo;Le, Tosh	AC02-09CH11466;SC0021119		USDOE Office of Science (SC)
10.34770/3tar-6x02		2026-06-12	ITER Solid Boron Injection Source Term Analysis	Snipes, Joseph;Nespoli, Federico;Lunsford, Robert;Effenberg, Florian	AC02-09CH11466	IO/24/TA/4700000244	USDOE Office of Science (SC)
10.34770/j3ee-2g49		2026-06-22	"Data for ""Asymptotic scaling theory of electrostatic turbulent transport in magnetised fusion plasmas"""	Adkins, Toby;Abel, Ian;Barnes, Michael;Buller, Stefan;Dorland, William;Ivanov, Plamen G;Romain, Meyrand;Parra, Felix;Nies, Richard;Schekochihin, Alexander;Squire, Jonathan	AC02-09CH11466;FES-ERCAP-0031087;FES-ERCAP-0032464;FG0293ER54197;SC0018429;SC0024425;SC0024548	560651, AB;80NSSC24K0171;EP/R034737/1;EP/W006839/1;EPR034737/1;LIP-2020-014;MFP-U0020;MFP-UOO2221	USDOE Office of Science (SC)
10.34770/fcc5-5203		2026-06-22	Data for internal reconnection event identification manuscript with ML in LTX-β	Banerjee, Santanu	AC02-09CH11466		USDOE Office of Science (SC)
10.34770/my10-bs56		2026-07-02	"Data for ""Measuring static and quasi-static non-axisymmetric magnetic fields in MAST-U"""	Munaretto, Stefano;Ryan, David	AC02-09CH11466		USDOE Office of Science (SC)
10.34770/ms7s-b569		2026-07-27	Results of Pfirsch-Schlüter Flow Implementation in XICS Inversion Analysis	Johnson, Courtney;Pablant, Novimir;Langenberg, Andreas;de la Riva Villén, Jaime;Alonso, Juan Arturo;Gonda, Tomas, Tomie;Ford, Oliver P.;Dinklage, Andreas;Beidler, Craig	AC02-09CH11466	101052200	USDOE Office of Science (SC)
10.34770/v77m-n397		2026-08-05	Dataset for Acceleration Techniques for Predictive TRANSP Simulations for Digital-Twin Between-Shot Analysis	Pankin, Alexei;Breslau, Joshua;Gorelenkova, Marina;Scotto d'Abusco, Manuel;Churchill, R. Michael	AC02-09CH11466		USDOE Office of Science (SC)
10.34770/ztem-4246		2026-08-18	"Data for ""Fast-ion enhanced modeling of neoclassical tearing modes at DIII-D and NSTX"""	Yang, James;Fredrickson, Eric;Berkery, Jack	AC02-09CH11466;FC02-04ER54698		USDOE Office of Science (SC)
10.34770/ehj9-ns15		2026-09-04	"Data for ""Photodiode diagnostics of low-energy neutral beam interactions in LTX-beta"""	Maan, Anurag	AC02-09CH11466		USDOE Office of Science (SC)
10.34770/180r-jq95	88435/dsp015425kd34n	2026-09-10	"Fig 4 data of ""Positive sheath generation in front of fish-scaled divertor plates"""	Ku, Seung-Hoe	AC02-09CH11466		USDOE Office of Science (SC)
